{"cameraMode":{"drawMode":0,"name":"Shaded","section":"Shading Mode"},"sceneLighting":false,"audioPlay":false,"sceneViewState":{"showFog":false,"showMaterialUpdate":false,"showSkybox":false,"showFlares":true,"showImageEffects":true,"showParticleSystems":true},"in2DMode":false,"pivot":{"x":0.1351800560951233,"y":0.421429306268692,"z":-0.8227078914642334},"rotation":{"x":-0.027239728718996049,"y":0.9620730876922607,"z":-0.10461051017045975,"w":-0.2504788935184479},"size":0.5715769529342651,"orthographic":false}