{"cameraMode":{"drawMode":0,"name":"Shaded","section":"Shading Mode"},"sceneLighting":false,"audioPlay":false,"sceneViewState":{"showFog":false,"showMaterialUpdate":false,"showSkybox":false,"showFlares":true,"showImageEffects":true,"showParticleSystems":true},"in2DMode":false,"pivot":{"x":0.0,"y":0.36400002241134646,"z":-0.7599999904632568},"rotation":{"x":-0.1987052708864212,"y":0.5030860900878906,"z":-0.12008388340473175,"w":-0.8324688076972961},"size":1.4715769290924073,"orthographic":false}