{"cameraMode":{"drawMode":0,"name":"Shaded","section":"Shading Mode"},"sceneLighting":true,"audioPlay":false,"sceneViewState":{"showFog":false,"showMaterialUpdate":false,"showSkybox":true,"showFlares":true,"showImageEffects":true,"showParticleSystems":true},"in2DMode":false,"pivot":{"x":1375.785888671875,"y":-69.2740478515625,"z":401.4690856933594},"rotation":{"x":-0.1987052708864212,"y":0.5030860900878906,"z":-0.12008388340473175,"w":-0.8324688076972961},"size":1812.802978515625,"orthographic":false}